Workbook

Sheet Sheet1
A1: Serial Number | B1: Device Type | C1: Airtel | D1: OS | E1: Model | F1: Mac Address | G1: Wifi Macaddress | H1: Auuid | I1: Staff Type | J1: Staff Name | K1: Department | L1: Hostname | M1: Allocated Date | N1: Location | O1: Remark | P1: Warranty Expiry Date
A2: 5CD3314F8M | B2: Laptop | C2: Airtel | E2: HP ProBook 440 G10 | H2: 13404947 | J2: Simon Ng'ang'a Waweru | L2: KE-13404947-WL
A3: PW0BRE3A | B3: Laptop | C3: Airtel | E3: ThinkBook 14 G6 IRL | H3: 13406568 | J3: Peter Kagechu | L3: KE-13406568-WL
A4: 5CD32961SC | B4: Laptop | C4: Airtel | E4: HP ProBook 440 G10 | H4: 1316480 | J4: Catherine Wangari Kamau | L4: KE-1316480L-WL
A5: PW0BS2L0 | B5: Laptop | C5: Airtel | E5: ThinkBook 14 G6 IRL | H5: 13406616 | J5: Dan Kyallo | L5: KE-13406616-WL
A6: 5CD9519LPY | B6: Laptop | C6: Airtel | E6: HP ProBook 430 G6 | H6: 2356272 | J6: Eunice Ndolo | L6: 2356272L
A7: 5CG7010M66 | B7: Laptop | C7: Airtel | E7: HP EliteBook 840G3 | H7: 23188761 | J7: Mr. Brayn Muhanji | L7: KE-23188761-WL
A8: PW0D4KJ8 | B8: Laptop | C8: Airtel | E8: ThinkBook 14 G6 IRL | H8: 13403306 | J8: Stephen Charles | L8: KE-13403306-WL
A9: 5CD3314F1V | B9: Laptop | C9: Airtel | E9: HP ProBook 440 G10 | H9: 13209008 | J9: Enock Cheruiyot | L9: 13209008L
A10: PW0EYYQ5 | B10: Laptop | C10: Airtel | E10: ThinkBook 14 G6 IRL | H10: 1322457 | J10: #N/A | L10: KE-1322457-WL
A11: 5CD118CSH4 | B11: Laptop | C11: Airtel | E11: HP Spectre x360 | H11: #N/A | J11: #N/A | L11: KE-13400832-WL
A12: 5CD108G73D | B12: Laptop | C12: Airtel | E12: HP ProBook 430 G8 | H12: 1304329 | J12: Mary Waweru | L12: 1304329L1
A13: 5CD225L14S | B13: Laptop | C13: Airtel | E13: Hp Probook 430 G8 | H13: 13403304 | J13: Peter Mwangi | L13: KE-13403304-WL
A14: 5CD225L13S | B14: Laptop | C14: Airtel | E14: Hp Probook 430 G8 | H14: 132093392 | J14: Adams Nandasaba Wanyonyi | L14: 13209339L2
A15: 5CD3314F6R | B15: Laptop | C15: Airtel | E15: HP ProBook 440 G10 | H15: 13405835 | J15: Faith Wambui Bundi | L15: KE-13405835-WL
A16: 5CD010D58J | B16: Laptop | C16: Airtel | E16: HP ProBook 430 G6 | H16: 23209090 | J16: Mr. Richard Njaria | L16: KE-23209090-WL
A17: PW0D4KH5 | B17: Laptop | C17: Airtel | E17: ThinkBook 14 G6 IRL | H17: 1304269 | J17: Nick Kariuki Murage | L17: KE-1304269-WL
A18: PW0BRE37 | B18: Laptop | C18: Airtel | E18: ThinkBook 14 G6 IRL | H18: 13207110 | J18: Catherine Wairimu Wanjohi | L18: KE-13207110-WL
A19: 5CD3314F8X | B19: Laptop | C19: Airtel | E19: HP ProBook 440 G10 | H19: 2388080 | J19: Mr. Kennedy Musembi | L19: KE-2388080-WL
A20: 5CD225L149 | B20: Laptop | C20: Airtel | E20: HP ProBook 430 G8 | H20: 2356569 | J20: Mr. JOSEPH MUNGAI | L20: KE-2356569-WL
A21: 5CD3314F3Y | B21: Laptop | C21: Airtel | E21: HP ProBook 440 G10 | H21: 13402750 | J21: Moses Mukhwana | L21: KE-13402750-WL
A22: 5CD120S0HW | B22: Laptop | C22: Airtel | E22: Hp Probook 430 G8 | H22: 23148600 | J22: Ms. Cytlin Ochieng | L22: KE-23148600-WL
A23: PW0D4KHB | B23: Laptop | C23: Airtel | E23: ThinkBook 14 G6 IRL | H23: 23128304 | J23: Rebecca Wanjiru | L23: KE-23128304-WL
... A73: 5CD108G75J | B73: Laptop | C73: Airtel | E73: HP ProBook 430 G8 | H73: 13209113 | J73: Lilian Monchari Mogire | L73: KE-13209113-WL
A74: #N/A | B74: Laptop | C74: Airtel | E74: #N/A | H74: #N/A | J74: #N/A | L74: KE-23135932-WL
A75: 5CD1013RW7 | B75: Laptop | C75: Airtel | E75: HP ProBook 430 G8 | H75: 23215300 | J75: Mr. Maxwel Maingi | L75: KE--23215300-WL
A76: MJ0D9LPZ | B76: Laptop | C76: Airtel | E76: Lenovo T490s | H76: 23154674 | J76: Mr. Simon Musembi | L76: KE-23154674--WL
A77: PF5S4Y8G | B77: Laptop | C77: Airtel | E77: Lenovo T14s | H77: 138205 | J77: Shailendra Singh | L77: KE-138205-WL1
A78: PW0EC3CG | B78: Laptop | C78: Airtel | E78: ThinkBook 14 G6 IRL | H78: 13401112 | J78: #N/A | L78: KE-13401112-WL1
A79: 5CD3314F9Y | B79: Laptop | C79: Airtel | E79: HP ProBook 440 G10 | H79: 1304267 | J79: Charles Mutembei | L79: KE-1304267-WL
A80: PC1ML3XA | B80: Desktop | C80: Airtel | E80: Lenovo V530 | H80: 23218317 | J80: Ms. Sheila Wamahiu | L80: KE-23218317-WL
A81: PC1MKSJR | B81: Desktop | C81: Airtel | E81: Lenovo V530 | H81: 23189610 | J81: Mr. Carlos Mwanthi | L81: KE-23189610-WL
A82: 5CD3314F75 | B82: Laptop | C82: Airtel | E82: HP ProBook 440 G10 | H82: 23134662 | J82: Wycliff Morara | L82: KE-23134662-WL
A83: 5CD1013RZ9 | B83: Laptop | C83: Airtel | E83: HP ProBook 430 G8 | H83: 23188037 | J83: Ms. Patience Chepchirchir | L83: KE-23188037-WL
A84: 5CD9519LQ7 | B84: Laptop | C84: Airtel | E84: HP ProBook 430 G6 | H84: 2388243 | J84: Ms. Linda Jeptoo | L84: KE-2388243-WL
A85: MJ0D9L4N | B85: Laptop | C85: Airtel | E85: Lenovo T490s | H85: 23189029 | J85: Mr. Samuel Nduati | L85: KE-23189029-WL
A86: PW0BS2KX | B86: Laptop | C86: Airtel | E86: ThinkBook 14 G6 IRL | H86: 2368897 | J86: Ms. Charity Ajaa | L86: KE-2368897-WL
A87: 5CD108G76J | B87: Laptop | C87: Airtel | E87: HP ProBook 430 G8 | H87: 1300948 | J87: Elizabeth Kigotho | L87: KE-1300948-WL
A88: 5CD010D58G | B88: Laptop | C88: Airtel | E88: HP ProBook 430 G6 | H88: 23217925 | J88: Ms. Grace Musyimi | L88: KE-23217925-WL
A89: R90RA31C | B89: Laptop | C89: Airtel | E89: #N/A | H89: #N/A | J89: #N/A | L89: KE-2354620-WL
A90: PC1GZ83Z | B90: Desktop | C90: Airtel | E90: Lenovo V530 | H90: 23178845 | J90: Millicent Jepkemboi | L90: KE-23178845-WD1
A91: PW0D4KGD | B91: Laptop | C91: Airtel | E91: ThinkBook 14 G6 IRL | H91: 1324376 | J91: #N/A | L91: KE-1324376-WL
A92: 5CD108G744 | B92: Laptop | C92: Airtel | E92: HP ProBook 430 G8 | H92: 13406648 | J92: Caroline Wanja Magaju | L92: KE-13406648-WL
A93: PW0C5K7Y | B93: Laptop | C93: Airtel | E93: ThinkBook 14 G6 IRL | H93: #N/A | J93: #N/A | L93: KE-23156000-WL
A94: 5CD010D59F | B94: Laptop | C94: Airtel | E94: HP ProBook 430 G6 | H94: 1300157 | J94: Caroline Munwango | L94: KE-1300157-WL
A95: 5CD225L113 | B95: Laptop | C95: Airtel | E95: HP ProBook 430 G8 | H95: 23137215 | J95: Dan Rotich | L95: KE-23137215-WL
A96: 5CD120RZWF | B96: Laptop | C96: Airtel | E96: HP ProBook 430 G8 | H96: 23138984 | J96: Cyrus Maina | L96: KE-23138984-WL
A97: 5CD225L13K | B97: Laptop | C97: Airtel | E97: HP ProBook 430 G8 | H97: 23148608 | J97: Ms. Mercy Gitau | L97: KE-23148608-WL
A98: 5CD3314F58 | B98: Laptop | C98: Airtel | E98: HP ProBook 440 G10 | H98: 13404583 | J98: Fredrick Wachira Kariuki | L98: KE-13404583-WL
A99: CND1112SXG | B99: Laptop | C99: Airtel | E99: HP EliteBook x360 1040 | H99: 1303285 | J99: Joseph Kariuki | L99: 1303285LL
A100: 5CD3314F8P | B100: Laptop | C100: Airtel | E100: Hp Probook 430 G10 | H100: 23128535 | J100: Emmanuel Baya | L100: KE-23128535-WL
A101: 5CD9519LQP | B101: Laptop | C101: Airtel | E101: HP ProBook 430 G6 | H101: 23203158 | J101: Mr. Maurice Oloo | L101: KE-23203158--WL
A102: 5CD32961SM | B102: Laptop | C102: Airtel | E102: HP ProBook 440 G10 | H102: 13404565 | J102: Joel Ondimu Anyona | L102: KE-13404565-WL
A103: PW0C5K87 | B103: Laptop | C103: Airtel | E103: ThinkBook 14 G6 IRL | H103: 13406963 | J103: Kelvin Kyalo | L103: KE-13406963-WL
A104: 5CD225L120 | B104: Laptop | C104: Airtel | E104: HP ProBook 430 G8 | H104: 13403016 | J104: Evalyne wanja | L104: 13403016L
A105: 5CD3314F7Q | B105: Laptop | C105: Airtel | E105: HP ProBook 440 G10 | H105: 1316858 | J105: Ganson Mghona LEWELA | L105: KE-1316858-WL
... A109: B48R473 | B109: Laptop | C109: Airtel | E109: Dell Laptops Latitude | H109: 23225640 | J109: Ms. Nicole Monari | L109: KE-23225640-WL
A110: PW0D4KFY | B110: Laptop | C110: Airtel | E110: ThinkBook 14 Laptops | H110: 23145517 | J110: Mr. Emmanuel Nyamache
A111: TRF4110RJ8 | B111: Desktop | C111: Airtel | E111: HP ProDesk 400 G2 MT | H111: 23145517 | J111: Mr. Emmanuel Nyamache | L111: KE-23145517-WL
A112: 5F5S373 | B112: Laptop | C112: Airtel | E112: Dell Laptops Latitude | H112: 23225959 | J112: Mr. Addonay Ombori | L112: KE-23225959-WL
A113: PW0BRE3T | B113: Laptop | C113: Airtel | E113: ThinkBook 14 G6 IRL | H113: 1304919 | J113: John Kiilu | L113: KE-1304919-WL
A114: 68NS473 | B114: Laptop | C114: Airtel | E114: Dell Laptops Latitude | H114: 23225952 | J114: Mr. Innocent Kasuti | L114: KE-23225952-WL
A115: 5CD108G763 | B115: Laptop | C115: Airtel | E115: HP ProBook 430 G8 | H115: 23156680 | J115: Mr. Dickson Mhinda | L115: KE-23156680-WL
A116: 5CD118CSHL | B116: Laptop | C116: Airtel | E116: HP Spectre x360 | H116: 13407037 | J116: Amit Luthra | L116: KE-13407037-WL
A117: PW0EC3CN | B117: Laptop | C117: Airtel | E117: ThinkBook 14 G6 IRL | H117: 1304568 | J117: Michael Njoroge Njogu | L117: KE-1304568-WL
A118: 4CE525DG3V | B118: Desktop | C118: Airtel | E118: HP Pro Tower 290 G9 | H118: 23226199 | J118: Chelsea Kiprop | L118: KE-23226199-WD8
A119: 4CE525DG4Z | B119: Desktop | C119: Airtel | E119: HP Pro Tower 290 G9 | H119: 2390253 | J119: Ms. Winfred Nkonge | L119: KE-2390253-WD
A120: 4CE525DG4S | B120: Desktop | C120: Airtel | E120: HP Pro Tower 290 G9 | H120: 23170131 | J120: Ms. Violah Jepngetich | L120: KE-23170131-WD
A121: 4CE525DG6T | B121: Desktop | C121: Airtel | E121: HP Pro Tower 290 G9 | H121: 2325391 | J121: Esther Sau | L121: KE-2325391-WD
A122: B8VZ493 | B122: Laptop | C122: Airtel | E122: Dell Laptops Latitude | H122: 23228871 | J122: Mr. Emmanuel Otunga | L122: KE-23228871-WL
... A135: 5CD424CGST | B135: Laptop | C135: Airtel | E135: HP ProBook 430 G10 | H135: 23148609 | J135: Mr. Ian Teddy | L135: KE-23148609-WL
A136: PW0D4KG5 | B136: Laptop | C136: Airtel | E136: ThinkBook 14 G6 IRL | H136: #N/A | J136: #N/A | L136: 13202444L1
A137: PW0D4KHE | B137: Laptop | C137: Airtel | E137: ThinkBook 14 G6 IRL | H137: 1304786 | J137: Sarah Wachira | L137: KE-1304786-WL
A138: 5CD118CSHC | B138: Laptop | C138: Airtel | E138: HP Spectre x360 | H138: #N/A | J138: #N/A | L138: 13216468L
A139: 5CD3314F73 | B139: Laptop | C139: Airtel | E139: HP ProBook 440 G10 | H139: 23155308 | J139: Miss Susan Njuguna | L139: KE-23155308-WL
A140: PC1K2NSV | B140: Desktop | C140: Airtel | E140: Lenovo T490s | H140: 23188762 | J140: Mr. Dennis Mugendi | L140: KE-23188762-WL
A141: 5CD3314F7N | B141: Laptop | C141: Airtel | E141: HP ProBook 440 G10 | H141: 2354373 | J141: Mr. Monica Atho | L141: KE-2354373-WL
A142: 5CD225L13H | B142: Laptop | C142: Airtel | E142: HP ProBook 430 G8 | H142: 13208084 | J142: Monica Ocholi Osundwa | L142: KE-13208084-WL
A143: 5CD9519LSM | B143: Laptop | C143: Airtel | E143: HP ProBook 430 G6 | H143: 23137126 | J143: Peter Wambulwa | L143: KE-23137126-WL
A144: 5CD010D58W | B144: Laptop | C144: Airtel | E144: HP ProBook 430 G6 | H144: 23194677 | J144: Mr. James Njenga | L144: KE-23194677-WL
A145: 5CD9519LRJ | B145: Laptop | C145: Airtel | E145: HP ProBook 430 G6 | H145: 2360541 | J145: Charles Nyerere | L145: KE-2360541-WL
A146: 5CD225L13N | B146: Laptop | C146: Airtel | E146: HP ProBook 430 G8 | H146: 23154015 | J146: Ms. Rabecca Kihara | L146: KE-23154015-WL
A147: 5CD3314F2G | B147: Laptop | C147: Airtel | E147: HP ProBook 440 G10 | H147: 13404288 | J147: Daniel Wanyika Karaimu | L147: KE-13404288-WL
A148: 5CD3314F12 | B148: Laptop | C148: Airtel | E148: HP ProBook 440 G10 | H148: 1302145 | J148: Paul Mugo | L148: KE-1302145-WL
A149: 5CD225L13T | B149: Laptop | C149: Airtel | E149: HP ProBook 430 G8 | H149: 13402888 | J149: Mercy Koros | L149: KE-13402888-WL
A150: 5CD108G738 | B150: Laptop | C150: Airtel | E150: HP ProBook 430 G8 | H150: 2363253 | J150: Ms. Isabel Wagalla | L150: KE-2363253-WL
... A156: 5CD1013S0Y | B156: Laptop | C156: Airtel | E156: HP ProBook 430 G8 | H156: 23128313 | J156: Boaz Oduor | L156: KE-23128313-WL
A157: 5CD120RZGH | B157: Laptop | C157: Airtel | E157: HP ProBook 430 G8 | H157: #N/A | J157: #N/A | L157: KE-13406112-WL
A158: 5CD3314F9B | B158: Laptop | C158: Airtel | E158: HP ProBook 440 G10 | H158: 23115649 | J158: Hellen Kangara | L158: KE-23115649--WL
A159: PW0C5K6F | B159: Laptop | C159: Airtel | E159: ThinkBook 14 G6 IRL | H159: 2338831 | J159: VINCENT MABU | L159: KE-2338831-WL
A160: R90RA33K | B160: Laptop | C160: Airtel | E160: Levovo L380 | H160: 23191507 | J160: Mr. Harris Lukundi | L160: KE-23191507-WL
A161: 5CD108G73H | B161: Laptop | C161: Airtel | E161: HP ProBook 430 G8 | H161: 23129787 | J161: Dorcas Kioko | L161: KE-23129787-WL
A162: 5CD120S0N0 | B162: Laptop | C162: Airtel | E162: HP ProBook 430 G8 | H162: 23147075 | J162: Sebastian Kioko | L162: 23147075LL
A163: 5CD225L10G | B163: Laptop | C163: Airtel | E163: HP ProBook 430 G8 | H163: 23222201 | J163: Mr. Emmanuel Muoki | L163: KE-23222201-WL
A164: PW0D4KGB | B164: Laptop | C164: Airtel | E164: ThinkBook 14 G6 IRL | H164: 13216116 | J164: Serah Maina | L164: KE-13216116-WL
A165: 5CD9519LS1 | B165: Laptop | C165: Airtel | E165: HP ProBook 430 G6 | H165: 23203159 | J165: Ms. Marion Oketcha | L165: KE-23203159-WL
A166: 5CD225L15C | B166: Laptop | C166: Airtel | E166: HP ProBook 430 G8 | H166: 13407053 | J166: Abdallah Rashid | L166: KE-13407053-WL
A167: 5CD225L13R | B167: Laptop | C167: Airtel | E167: HP ProBook 430 G8 | H167: 1322015 | J167: Michael Bonke | L167: 1322015L
A168: 5CD225L100 | B168: Laptop | C168: Airtel | E168: HP ProBook 430 G8 | H168: 23188760 | J168: Miss Mitchel Wainaina | L168: KE-23188760--WL
A169: 5CD010D58L | B169: Laptop | C169: Airtel | E169: HP ProBook 430 G6 | H169: 2388766 | J169: Mr. James Olang'o | L169: KE-2388766-WL
...

Sheet All Offroll Employess
A1: Associate Number | C1: Full Name | D1: Person Type | E1: Organization | F1: Date of Joining | G1: Supervisor Number | H1: Supervisor Name | I1: Email Address | J1: Phone Number | K1: PARTNER_CATEGORY | L1: PARTNER_NAME | M1: National_ID_Type | N1: National_ID_Num
A2: 2300031 | B2: =_xlfn.XLOOKUP(A2,'[2]Crowdstrike report'!$S:$S,'[2]Crowdstrike report'!$A:$A,0) -> 0 | C2: Mr. Habert KHISA | D2: Contingent Worker | E2: Airtel Kenya | F2: 41191 | G2: 401256 | H2: Chengole, Mr. Ian Walingo | I2: a_Herbert.Khisa@ke.airtel.com | J2: 254738567729 | K2: Contingent Worker | L2: Bollore
A3: 2300032 | B3: =_xlfn.XLOOKUP(A3,'[2]Crowdstrike report'!$S:$S,'[2]Crowdstrike report'!$A:$A,0) -> KE-2300032-WD | C3: Mr. Peter MWILU | D3: Contingent Worker | E3: Airtel Kenya | F3: 41191 | G3: 401256 | H3: Chengole, Mr. Ian Walingo | I3: a_Peter.Mwilu@ke.airtel.com | J3: 254733336394 | K3: Contingent Worker | L3: Bollore
A4: 2300034 | B4: =_xlfn.XLOOKUP(A4,'[2]Crowdstrike report'!$S:$S,'[2]Crowdstrike report'!$A:$A,0) -> 0 | C4: Jeniffer MUHORO | D4: Contingent Worker | E4: Airtel Kenya | F4: 41191 | G4: 401256 | H4: Chengole, Mr. Ian Walingo | I4: a_jeniffer.Muhoro@ke.airtel.com | J4: 254731004154 | K4: Contingent Worker | L4: Bollore
A5: 2300117 | B5: =_xlfn.XLOOKUP(A5,'[2]Crowdstrike report'!$S:$S,'[2]Crowdstrike report'!$A:$A,0) -> 0 | C5: Christine Ogalo | D5: Contingent Worker | E5: Airtel Kenya | F5: 41449 | G5: 1304512 | H5: Kihiu, Mr. Duncan Mumenya | I5: a_Christine.Ogalo@ke.airtel.com | J5: 254738217321 | K5: Offrole | L5: Sheer Logic Management Consultants
A6: 2304321 | B6: =_xlfn.XLOOKUP(A6,'[2]Crowdstrike report'!$S:$S,'[2]Crowdstrike report'!$A:$A,0) -> KE-2304321-WD | C6: Mr. SAMUEL MATHEKA | D6: Contingent Worker | E6: Airtel Kenya | F6: 42031 | G6: 401256 | H6: Chengole, Mr. Ian Walingo | I6: a_samuel.matheka@ke.airtel.com | J6: 254738567180 | K6: Contingent Worker | L6: Bollore
A7: 2304952 | B7: =_xlfn.XLOOKUP(A7,'[2]Crowdstrike report'!$S:$S,'[2]Crowdstrike report'!$A:$A,0) -> 0 | C7: Mr. Moses Mburu | D7: Contingent Worker | E7: Airtel Kenya | F7: 42065 | G7: 2323054 | H7: Kiama, John | I7: a_Moses.Mburu@ke.airtel.com | J7: 254735939810 | K7: Contingent Worker | L7: IBM-Maraison
A8: 23100021 | B8: =_xlfn.XLOOKUP(A8,'[2]Crowdstrike report'!$S:$S,'[2]Crowdstrike report'!$A:$A,0) -> 0 | C8: Ms. Jane Kariuki | D8: Contingent Worker | E8: Airtel Kenya | F8: 43907 | G8: 1319123 | H8: Nyaga, Mr. Henry Mwangi | I8: jane.kariuki@zte.com.cn | J8: 254733889737 | K8: Contingent Worker | L8: ZTE
A9: 23100159 | B9: =_xlfn.XLOOKUP(A9,'[2]Crowdstrike report'!$S:$S,'[2]Crowdstrike report'!$A:$A,0) -> KE-23100159-WL | C9: Mr. Geofrey Otieno | D9: Contingent Worker | E9: Airtel Kenya | F9: 43910 | G9: 1303431 | H9: Abuga, Mr. Jared Masi | I9: a_geofrey.otieno@ke.airtel.com | J9: 254731737388 | K9: Contingent Worker | L9: Airtel Offrole
A10: 23100661 | B10: =_xlfn.XLOOKUP(A10,'[2]Crowdstrike report'!$S:$S,'[2]Crowdstrike report'!$A:$A,0) -> KE-23100661-WL | C10: Mr. BONFACE OUMA | D10: Contingent Worker | E10: Airtel Kenya | F10: 43920 | G10: 404583 | H10: Kariuki, Mr. Fredrick Wachira | I10: a_bonface.ouma@ke.airtel.com | J10: 254781364747 | K10: Offrole | L10: Sheer Logic Management Consultants
A11: 23100662 | B11: =_xlfn.XLOOKUP(A11,'[2]Crowdstrike report'!$S:$S,'[2]Crowdstrike report'!$A:$A,0) -> KE-23100662-WD | C11: Mr. WALTER KADURENGE | D11: Contingent Worker | E11: Airtel Kenya | F11: 43920 | G11: 404583 | H11: Kariuki, Mr. Fredrick Wachira | I11: a_walter.kadurenge@ke.airtel.com | J11: 254789792029 | K11: Contingent Worker | L11: Bollore Logistics
A12: 23101437 | B12: =_xlfn.XLOOKUP(A12,'[2]Crowdstrike report'!$S:$S,'[2]Crowdstrike report'!$A:$A,0) -> 0 | C12: Mr. Sanjeevkumar Shanmugavadivel | D12: Contingent Worker | E12: Airtel Kenya | F12: 43929 | G12: 2395298 | H12: SINGH, Mr. DUSHYANT KUMAR | I12: sanjeevkumar.shanmugavadivel.ext@nokia.com | J12: 919865516899 | K12: Contingent Worker | L12: Nokia
A13: 23101443 | B13: =_xlfn.XLOOKUP(A13,'[2]Crowdstrike report'!$S:$S,'[2]Crowdstrike report'!$A:$A,0) -> 0 | C13: Mr. Srinivasan Natarajan | D13: Contingent Worker | E13: Airtel Kenya | F13: 43929 | G13: 2395298 | H13: SINGH, Mr. DUSHYANT KUMAR | I13: srinivasan.natarajan.ext@nokia.com | J13: 919629271103 | K13: Contingent Worker | L13: Nokia
... A107: 23115184 | B107: =_xlfn.XLOOKUP(A107,'[2]Crowdstrike report'!$S:$S,'[2]Crowdstrike report'!$A:$A,0) -> KE-23115184-WD | C107: Mr. Januaries Musembi | D107: Contingent Worker | E107: Airtel Kenya | F107: 43836 | G107: 23102016 | H107: Agarwal, Mr. Prashant Kumar | I107: januaries.musembi.ext@nokia.com | J107: 254706305211 | K107: Contingent Worker | L107: Innovis - Nokia
A108: 23115407 | B108: =_xlfn.XLOOKUP(A108,'[2]Crowdstrike report'!$S:$S,'[2]Crowdstrike report'!$A:$A,0) -> 0 | C108: Mr. Vincent Ngala | D108: Contingent Worker | E108: Airtel Kenya | F108: 44208 | I108: vincent.ngala.ext@nokia.com | J108: 254737593902 | K108: Contingent Worker | L108: NOKIA
A109: 23115601 | B109: =_xlfn.XLOOKUP(A109,'[2]Crowdstrike report'!$S:$S,'[2]Crowdstrike report'!$A:$A,0) -> 0 | C109: Ms. Celine Otieno | D109: Contingent Worker | E109: Airtel Kenya | F109: 44216 | G109: 404881 | H109: Atieno, Ms. Verolyne | I109: a_celine.otieno@ke.airtel.com | J109: 254787770147 | K109: Offrole | L109: Sheer Logic Management Consultants
A110: 23115649 | B110: =_xlfn.XLOOKUP(A110,'[2]Crowdstrike report'!$S:$S,'[2]Crowdstrike report'!$A:$A,0) -> 0 | C110: Ms. Hellen Kangara | D110: Contingent Worker | E110: Airtel Kenya | F110: 44217 | G110: 406738 | H110: Wairindi, Ms. Jacklyne Wambui | I110: a_hellen.kangara@ke.airtel.com | J110: 254734896012 | K110: Offrole | L110: Sheer Logic Management Consultants
A111: 23116273 | B111: =_xlfn.XLOOKUP(A111,'[2]Crowdstrike report'!$S:$S,'[2]Crowdstrike report'!$A:$A,0) -> 0 | C111: Mr. Shadrack Emachar | D111: Contingent Worker | E111: Airtel Kenya | F111: 44230 | G111: 404288 | H111: Karaimu, Mr. Daniel Wanyika | I111: a_shadrack.emachar@ke.airtel.com | J111: 254732794213 | K111: Offrole | L111: Sheer Logic Management Consultants
A112: 23116425 | B112: =_xlfn.XLOOKUP(A112,'[2]Crowdstrike report'!$S:$S,'[2]Crowdstrike report'!$A:$A,0) -> KE-23116425-WL | C112: Mr. Bob Suri | D112: Contingent Worker | E112: Airtel Kenya | F112: 44232 | G112: 1300135 | H112: Mbogori, Ms. Freda K. | I112: a_bob.suri@ke.airtel.com | J112: 254753920723 | K112: Offrole | L112: Sheer Logic Management Consultants
A113: 23119279 | B113: =_xlfn.XLOOKUP(A113,'[2]Crowdstrike report'!$S:$S,'[2]Crowdstrike report'!$A:$A,0) -> KE-23119279-WD | C113: Ms. Eunice Omuhaka | D113: Contingent Worker | E113: Airtel Kenya | F113: 44246 | G113: 401066 | H113: Namayi, Miss Florence Akinyi | I113: a_eunice.omuhaka@ke.airtel.com | J113: 254781992763 | K113: Offrole | L113: Sheer Logic Management Consultants
A114: 23119290 | B114: =_xlfn.XLOOKUP(A114,'[2]Crowdstrike report'!$S:$S,'[2]Crowdstrike report'!$A:$A,0) -> 0 | C114: Mr. VICTOR KIPNGETICH | D114: Contingent Worker | E114: Airtel Kenya | F114: 44246 | G114: 216113 | H114: Wanjohi, Miss Catherine Wairimu | I114: a_victor.kipngetich@ke.airtel.com | J114: 254787638889 | K114: Offrole | L114: Fine Media Ltd
A115: 23119291 | B115: =_xlfn.XLOOKUP(A115,'[2]Crowdstrike report'!$S:$S,'[2]Crowdstrike report'!$A:$A,0) -> 0 | C115: Mr. ERIC OMAR | D115: Contingent Worker | E115: Airtel Kenya | F115: 44246 | G115: 402949 | H115: Karomo, Mr. Kennedy Kimani | I115: a_eric.omar@ke.airtel.com | J115: 254737286648 | K115: Offrole | L115: Fine Media Ltd
A116: 23119292 | B116: =_xlfn.XLOOKUP(A116,'[2]Crowdstrike report'!$S:$S,'[2]Crowdstrike report'!$A:$A,0) -> 0 | C116: Miss LYNNET SITUMA | D116: Contingent Worker | E116: Airtel Kenya | F116: 44246 | G116: 401210 | H116: Igoro, Miss Stella Njeri | I116: a_lynnet.situma@ke.airtel.com | J116: 254731490003 | K116: Offrole | L116: Fine Media Ltd
A117: 23119738 | B117: =_xlfn.XLOOKUP(A117,'[2]Crowdstrike report'!$S:$S,'[2]Crowdstrike report'!$A:$A,0) -> 0 | C117: Mr. Deepak S | D117: Contingent Worker | E117: Airtel Kenya | F117: 44257 | G117: 2395298 | H117: SINGH, Mr. DUSHYANT KUMAR | I117: deepak.k.s@nokia.com | J117: 919962573922 | K117: Contingent Worker | L117: Nokia
A118: 23119942 | B118: =_xlfn.XLOOKUP(A118,'[2]Crowdstrike report'!$S:$S,'[2]Crowdstrike report'!$A:$A,0) -> 0 | C118: Ms. Lucy Maina | D118: Contingent Worker | E118: Airtel Kenya | F118: 44264 | G118: 1300243 | H118: Muthoni, Mrs. Juliet | I118: a_lucy.maina@ke.airtel.com | J118: 254751771705 | K118: Offrole | L118: Sheer Logic Management Consultants
A119: 23119984 | B119: =_xlfn.XLOOKUP(A119,'[2]Crowdstrike report'!$S:$S,'[2]Crowdstrike report'!$A:$A,0) -> 0 | C119: Mr. REUBEN OSANO | D119: Contingent Worker | E119: Airtel Kenya | F119: 44265 | G119: 1303431 | H119: Abuga, Mr. Jared Masi | I119: reubenosano@broadcom.co.ke | J119: 254790505831 | K119: Contingent Worker | L119: Nokia
A120: 23120020 | B120: =_xlfn.XLOOKUP(A120,'[2]Crowdstrike report'!$S:$S,'[2]Crowdstrike report'!$A:$A,0) -> 0 | C120: Mr. RAKESH DUBEY | D120: Contingent Worker | E120: Airtel Kenya | F120: 44266 | G120: 1303431 | H120: Abuga, Mr. Jared Masi | I120: rakesh.dubey@innovis.in | J120: 254776533800 | K120: Contingent Worker | L120: Innovis - Nokia
... A150: 23123760 | B150: =_xlfn.XLOOKUP(A150,'[2]Crowdstrike report'!$S:$S,'[2]Crowdstrike report'!$A:$A,0) -> KE-23123760-WD | C150: Ms. Anna Kisoi | D150: Contingent Worker | E150: Airtel Kenya | F150: 44355 | G150: 1300243 | H150: Muthoni, Mrs. Juliet | I150: a_anna.kisoi@ke.airtel.com | J150: 254788581584 | K150: Offrole | L150: Sheer Logic Management Consultants
A151: 23123949 | B151: =_xlfn.XLOOKUP(A151,'[2]Crowdstrike report'!$S:$S,'[2]Crowdstrike report'!$A:$A,0) -> 0 | C151: Mr. KEVIN MURIGIA | D151: Contingent Worker | E151: Airtel Kenya | F151: 44358 | G151: 1300243 | H151: Muthoni, Mrs. Juliet | I151: a_kevin.murigia@ke.airtel.com | J151: 254788175901 | K151: Offrole | L151: Sheer Logic Management Consultants | M151: Driving License Number | N151: 123456
A152: 23124866 | B152: =_xlfn.XLOOKUP(A152,'[2]Crowdstrike report'!$S:$S,'[2]Crowdstrike report'!$A:$A,0) -> 0 | C152: Miss Salome Musyoka | D152: Contingent Worker | E152: Airtel Kenya | F152: 44364 | G152: 1303431 | H152: Abuga, Mr. Jared Masi | I152: a_Salome.Musyoka.ke.airtel.com | J152: 254797697855 | K152: Contingent Worker | L152: Egypro
A153: 23125028 | B153: =_xlfn.XLOOKUP(A153,'[2]Crowdstrike report'!$S:$S,'[2]Crowdstrike report'!$A:$A,0) -> 0 | C153: Ms. Monica Raj | D153: Contingent Worker | E153: Airtel Kenya | F153: 44368 | G153: 2395298 | H153: SINGH, Mr. DUSHYANT KUMAR | I153: monica.r.ext@nokia.com | J153: 917708336858 | K153: Contingent Worker | L153: Nokia
A154: 23125095 | B154: =_xlfn.XLOOKUP(A154,'[2]Crowdstrike report'!$S:$S,'[2]Crowdstrike report'!$A:$A,0) -> 0 | C154: Miss Brenda Onyango | D154: Contingent Worker | E154: Airtel Kenya | F154: 44369 | G154: 1303431 | H154: Abuga, Mr. Jared Masi | I154: a_brenda.onynago@ke.airtel.com | J154: 254793624153 | K154: IT Ops | L154: Egypro
A155: 23125152 | B155: =_xlfn.XLOOKUP(A155,'[2]Crowdstrike report'!$S:$S,'[2]Crowdstrike report'!$A:$A,0) -> KE-23125152-WD | C155: Ms. Sheila Ngota | D155: Contingent Worker | E155: Airtel Kenya | F155: 44370 | G155: 401066 | H155: Namayi, Miss Florence Akinyi | I155: a_sheila.ngota@ke.airtel.com | J155: 254753728511 | K155: Offrole | L155: Sheer Logic Management Consultants
A156: 23126031 | B156: =_xlfn.XLOOKUP(A156,'[2]Crowdstrike report'!$S:$S,'[2]Crowdstrike report'!$A:$A,0) -> 0 | C156: Mr. Robert Okomo | D156: Contingent Worker | E156: Airtel Kenya | F156: 44382 | G156: 405416 | H156: Wanjohi, Ms. Sharon Wanja | I156: a_robert.Okomo@ke.airtel.com | J156: 254786363468 | K156: Offrole | L156: Sheer Logic Management Consultants
A157: 23126043 | B157: =_xlfn.XLOOKUP(A157,'[2]Crowdstrike report'!$S:$S,'[2]Crowdstrike report'!$A:$A,0) -> KE-23126043-WL | C157: Mr. Sammy Ebusuru | D157: Contingent Worker | E157: Airtel Kenya | F157: 44382 | G157: 1304315 | H157: Nyakanini, Ms. Purity Nyatana | I157: a_sammy1.ebusuru@ke.airtel.com | J157: 254789434995 | K157: Offrole | L157: Sheer Logic Management Consultants
A158: 23126407 | B158: =_xlfn.XLOOKUP(A158,'[2]Crowdstrike report'!$S:$S,'[2]Crowdstrike report'!$A:$A,0) -> 0 | C158: Mr. Joseph Muthoni | D158: Contingent Worker | E158: Airtel Kenya | F158: 44390 | G158: 1325076 | H158: Waweru, Mr. James Mwaniki | I158: a_joseph.muthoni@ke.airtel.com | J158: 254732717237 | K158: Offrole | L158: Sheer Logic Management Consultants
A159: 23126638 | B159: =_xlfn.XLOOKUP(A159,'[2]Crowdstrike report'!$S:$S,'[2]Crowdstrike report'!$A:$A,0) -> 0 | C159: Mr. Luke Mwema | D159: Contingent Worker | E159: Airtel Kenya | F159: 44396 | G159: 403481 | H159: Wanjohi, Mr. Robert James Kinga | I159: a_luke1.mwema@ke.airtel.com | J159: 254786409250 | K159: Offrole | L159: Sheer Logic Management Consultants
A160: 23126963 | B160: =_xlfn.XLOOKUP(A160,'[2]Crowdstrike report'!$S:$S,'[2]Crowdstrike report'!$A:$A,0) -> 0 | C160: Mr. Ubongabasi Samuel | D160: Contingent Worker | E160: Airtel Kenya | F160: 44400 | G160: 2357105 | H160: Dhananjay, Mr. Srivastava | I160: ubongabasi.samuel@isontechnologies.com | J160: 2348107548859 | K160: Call Center | L160: ISON
A161: 23127013 | B161: =_xlfn.XLOOKUP(A161,'[2]Crowdstrike report'!$S:$S,'[2]Crowdstrike report'!$A:$A,0) -> 0 | C161: Mr. Stanley Omambia | D161: Contingent Worker | E161: Airtel Kenya | F161: 44404 | G161: 401802 | H161: Isagi, Mr. Anthony Lubanga | I161: a_stanley.omambia@ke.airtel.com | J161: 254762971748 | K161: Offrole | L161: Sheer Logic Management Consultants
A162: 23127014 | B162: =_xlfn.XLOOKUP(A162,'[2]Crowdstrike report'!$S:$S,'[2]Crowdstrike report'!$A:$A,0) -> 0 | C162: Mr. Dominic Kipkoech | D162: Contingent Worker | E162: Airtel Kenya | F162: 44404 | G162: 211692 | H162: Magada, Mr. Gadin | I162: a_dominic.kipkoech@ke.airtel.com | J162: 254784919010 | K162: Offrole | L162: Sheer Logic Management Consultants
A163: 23127170 | B163: =_xlfn.XLOOKUP(A163,'[2]Crowdstrike report'!$S:$S,'[2]Crowdstrike report'!$A:$A,0) -> 0 | C163: Mr. Robert Mugah | D163: Contingent Worker | E163: Airtel Kenya | F163: 44411 | G163: 400587 | H163: Walingo, Mr. Solomon Lwambi | I163: a_Robert.Mugah@ke.airtel.com | J163: 254789669745 | K163: Offrole | L163: Sheer Logic Management Consultants
... A187: 23128966 | B187: =_xlfn.XLOOKUP(A187,'[2]Crowdstrike report'!$S:$S,'[2]Crowdstrike report'!$A:$A,0) -> 0 | C187: Ms. Emaculate Ouma | D187: Contingent Worker | E187: Airtel Kenya | F187: 44447 | G187: 1300243 | H187: Muthoni, Mrs. Juliet | I187: a_Emaculate.Ouma@ke.airtel.com | J187: 254738178975 | K187: Offrole | L187: Sheer Logic Management Consultants
A188: 23129503 | B188: =_xlfn.XLOOKUP(A188,'[2]Crowdstrike report'!$S:$S,'[2]Crowdstrike report'!$A:$A,0) -> 0 | C188: Mr. Tonny Lango | D188: Contingent Worker | E188: Airtel Kenya | F188: 44455 | I188: a_tonny.lango@ke.airtel.com | J188: 254785377252 | K188: Contingent Worker | L188: Airtel Kenya
A189: 23129536 | B189: =_xlfn.XLOOKUP(A189,'[2]Crowdstrike report'!$S:$S,'[2]Crowdstrike report'!$A:$A,0) -> 0 | C189: Mr. DAVID MWANG | D189: Contingent Worker | E189: Airtel Kenya | F189: 44456 | G189: 400221 | H189: Maina, Miss Serah Wanini | I189: a_david.mwangi@ke.airtel.com | J189: 254786140224 | K189: Offrole | L189: Fine Media Ltd
A190: 23129736 | B190: =_xlfn.XLOOKUP(A190,'[2]Crowdstrike report'!$S:$S,'[2]Crowdstrike report'!$A:$A,0) -> KE-23129736-WL | C190: Ms. Hannah Muchiri | D190: Contingent Worker | E190: Airtel Kenya | F190: 44466 | G190: 1303225 | H190: Mwangi, Mr. Moses Gachimo | I190: a_Hannah.Muchiri@ke.airtel.com | J190: 254753768051 | K190: Offrole | L190: Sheer Logic Management Consultants
A191: 23129786 | B191: =_xlfn.XLOOKUP(A191,'[2]Crowdstrike report'!$S:$S,'[2]Crowdstrike report'!$A:$A,0) -> 0 | C191: Mr. James Ochieng | D191: Contingent Worker | E191: Airtel Kenya | F191: 44468 | G191: 404881 | H191: Atieno, Ms. Verolyne | I191: a_James.Ochieng@ke.airtel.com | J191: 254762823845 | K191: Offrole | L191: Sheer Logic Management Consultants
A192: 23129787 | B192: =_xlfn.XLOOKUP(A192,'[2]Crowdstrike report'!$S:$S,'[2]Crowdstrike report'!$A:$A,0) -> KE-23129787-WL | C192: Ms. Dorcas Kioko | D192: Contingent Worker | E192: Airtel Kenya | F192: 44468 | G192: 1303225 | H192: Mwangi, Mr. Moses Gachimo | I192: a_Dorcas.Kioko@ke.airtel.com | J192: 254734875826 | K192: Offrole | L192: Sheer Logic Management Consultants
A193: 23129788 | B193: =_xlfn.XLOOKUP(A193,'[2]Crowdstrike report'!$S:$S,'[2]Crowdstrike report'!$A:$A,0) -> KE--23129788-WL | C193: Mr. Benson Kibugi | D193: Contingent Worker | E193: Airtel Kenya | F193: 44468 | G193: 400603 | H193: Gathaiya, Mr. Wilson Nguru | I193: a_benson.kibugi@ke.airtel.com | J193: 254734266085 | K193: Offrole | L193: Sheer Logic Management Consultants
A194: 23130419 | B194: =_xlfn.XLOOKUP(A194,'[2]Crowdstrike report'!$S:$S,'[2]Crowdstrike report'!$A:$A,0) -> 0 | C194: Mr. Dennis Wabwire | D194: Contingent Worker | E194: Airtel Kenya | F194: 44482 | G194: 219616 | H194: Omolo, Mr. Antony Odhiambo | I194: a_Dennis.Wabwire@ke.airtel.com | J194: 254786913376 | K194: Offrole | L194: Sheer Logic Management Consultants
A195: 23130629 | B195: =_xlfn.XLOOKUP(A195,'[2]Crowdstrike report'!$S:$S,'[2]Crowdstrike report'!$A:$A,0) -> 0 | C195: Mr. KENNEDY KIPKEMBOI | D195: Contingent Worker | E195: Airtel Kenya | F195: 44488 | G195: 200920 | H195: Kibor, Mr. Peter kipchumba | I195: a_kennedy.kipkemboi@ke.airtel.com | J195: 254750644059 | K195: Offrole | L195: Fine Media Ltd
A196: 23130908 | B196: =_xlfn.XLOOKUP(A196,'[2]Crowdstrike report'!$S:$S,'[2]Crowdstrike report'!$A:$A,0) -> KE-23130908-WD | C196: Ms. Morine Gitari | D196: Contingent Worker | E196: Airtel Kenya | F196: 44495 | G196: 406291 | H196: Waswah, Mrs. Dianah Bridgit | I196: a_morine.gitari@ke.airtel.com | J196: 254784432697 | K196: Offrole | L196: Sheer Logic Management Consultants
A197: 23131096 | B197: =_xlfn.XLOOKUP(A197,'[2]Crowdstrike report'!$S:$S,'[2]Crowdstrike report'!$A:$A,0) -> 0 | C197: Miss Diana Pamba | D197: Contingent Worker | E197: Airtel Kenya | F197: 44496 | G197: 1324215 | H197: Opili, Mr. Edward Tony Otwane | I197: a_DianaPamba@ke.airtel.com | J197: 254754870611 | K197: Contingent Worker | L197: CHAPA KAZI COMPANY LIMITED
A198: 23131097 | B198: =_xlfn.XLOOKUP(A198,'[2]Crowdstrike report'!$S:$S,'[2]Crowdstrike report'!$A:$A,0) -> 0 | C198: Miss Evalyne Maundu | D198: Contingent Worker | E198: Airtel Kenya | F198: 44496 | G198: 1324215 | H198: Opili, Mr. Edward Tony Otwane | I198: a_EvalyneMaundu@ke.airtel.com | J198: 254754870099 | K198: Contingent Worker | L198: CHAPA KAZI COMPANY LIMITED
A199: 23131098 | B199: =_xlfn.XLOOKUP(A199,'[2]Crowdstrike report'!$S:$S,'[2]Crowdstrike report'!$A:$A,0) -> 0 | C199: Mrs. Sylvia Nyambura | D199: Contingent Worker | E199: Airtel Kenya | F199: 44496 | G199: 1324215 | H199: Opili, Mr. Edward Tony Otwane | I199: a_SylviaNyambura@ke.airtel.com | J199: 254754869381 | K199: Contingent Worker | L199: CHAPA KAZI COMPANY LIMITED
A200: 23131099 | B200: =_xlfn.XLOOKUP(A200,'[2]Crowdstrike report'!$S:$S,'[2]Crowdstrike report'!$A:$A,0) -> 0 | C200: Mrs. Annalis Onyango | D200: Contingent Worker | E200: Airtel Kenya | F200: 44496 | G200: 1324215 | H200: Opili, Mr. Edward Tony Otwane | I200: a_AnnalisOnyango@ke.airtel.com | J200: 254754868663 | K200: Contingent Worker | L200: CHAPA KAZI COMPANY LIMITED
... A444: 23132077 | B444: =_xlfn.XLOOKUP(A444,'[2]Crowdstrike report'!$S:$S,'[2]Crowdstrike report'!$A:$A,0) -> 0 | C444: Mrs. Gift Akoth | D444: Contingent Worker | E444: Airtel Kenya | F444: 44498 | G444: 400221 | H444: Maina, Miss Serah Wanini | I444: a_Gift@Akoth.ke.airtel.com | J444: 782738707 | K444: Contingent Worker | L444: MOBIKREDO
A445: 23132090 | B445: =_xlfn.XLOOKUP(A445,'[2]Crowdstrike report'!$S:$S,'[2]Crowdstrike report'!$A:$A,0) -> 0 | C445: Mr. JOSEPH MUTETO | D445: Contingent Worker | E445: Airtel Kenya | F445: 44498 | I445: JOSEPHMUTETO@ke.airtel.com | J445: 784791469 | K445: Contingent Worker | L445: BANATECH LIMITED
A446: 23132091 | B446: =_xlfn.XLOOKUP(A446,'[2]Crowdstrike report'!$S:$S,'[2]Crowdstrike report'!$A:$A,0) -> 0 | C446: Mrs. WINNIE NGIGE | D446: Contingent Worker | E446: Airtel Kenya | F446: 44498 | I446: WINNIENGIGE@ke.airtel.com | J446: 784791471 | K446: Contingent Worker | L446: BANATECH LIMITED
A447: 23132092 | B447: =_xlfn.XLOOKUP(A447,'[2]Crowdstrike report'!$S:$S,'[2]Crowdstrike report'!$A:$A,0) -> 0 | C447: Mr. BENEDICT MAKEWA | D447: Contingent Worker | E447: Airtel Kenya | F447: 44498 | I447: BENEDICTMAKEWA@ke.airtel.com | J447: 735534029 | K447: Contingent Worker | L447: BANATECH LIMITED
A448: 23132093 | B448: =_xlfn.XLOOKUP(A448,'[2]Crowdstrike report'!$S:$S,'[2]Crowdstrike report'!$A:$A,0) -> 0 | C448: Mrs. agnes mwelu | D448: Contingent Worker | E448: Airtel Kenya | F448: 44498 | G448: 400221 | H448: Maina, Miss Serah Wanini | I448: a_Agnes Mwelu@ke.airtel.com | J448: 762268105 | K448: Contingent Worker | L448: NGALAWA KENYA LTD
A449: 23132094 | B449: =_xlfn.XLOOKUP(A449,'[2]Crowdstrike report'!$S:$S,'[2]Crowdstrike report'!$A:$A,0) -> 0 | C449: Mrs. fila jepkirui | D449: Contingent Worker | E449: Airtel Kenya | F449: 44498 | G449: 400221 | H449: Maina, Miss Serah Wanini | I449: filajepkirui@ke.airtel.com | J449: 762268106 | K449: Contingent Worker | L449: NGALAWA KENYA LTD
A450: 23132095 | B450: =_xlfn.XLOOKUP(A450,'[2]Crowdstrike report'!$S:$S,'[2]Crowdstrike report'!$A:$A,0) -> 0 | C450: Mrs. agnes mwelu | D450: Contingent Worker | E450: Airtel Kenya | F450: 44498 | G450: 400221 | H450: Maina, Miss Serah Wanini | I450: a_Agnes Mwelu@ke.airtel.com | J450: 762268099 | K450: Contingent Worker | L450: NGALAWA KENYA LTD
A451: 23132096 | B451: =_xlfn.XLOOKUP(A451,'[2]Crowdstrike report'!$S:$S,'[2]Crowdstrike report'!$A:$A,0) -> 0 | C451: Mrs. agnes mwelu | D451: Contingent Worker | E451: Airtel Kenya | F451: 44498 | G451: 400221 | H451: Maina, Miss Serah Wanini | I451: a_Agnes Mwelu@ke.airtel.com | J451: 784782880 | K451: Contingent Worker | L451: NGALAWA KENYA LTD
A452: 23132097 | B452: =_xlfn.XLOOKUP(A452,'[2]Crowdstrike report'!$S:$S,'[2]Crowdstrike report'!$A:$A,0) -> 0 | C452: Mrs. margaret muasya | D452: Contingent Worker | E452: Airtel Kenya | F452: 44498 | G452: 400221 | H452: Maina, Miss Serah Wanini | I452: a_Margaret Muasya@ke.airtel.com | J452: 784782910 | K452: Contingent Worker | L452: NGALAWA KENYA LTD
A453: 23132098 | B453: =_xlfn.XLOOKUP(A453,'[2]Crowdstrike report'!$S:$S,'[2]Crowdstrike report'!$A:$A,0) -> 0 | C453: Mrs. gladys charles | D453: Contingent Worker | E453: Airtel Kenya | F453: 44498 | G453: 400221 | H453: Maina, Miss Serah Wanini | I453: a_Gladys Charles@ke.airtel.com | J453: 780270414 | K453: Contingent Worker | L453: NGALAWA KENYA LTD
A454: 23132099 | B454: =_xlfn.XLOOKUP(A454,'[2]Crowdstrike report'!$S:$S,'[2]Crowdstrike report'!$A:$A,0) -> 0 | C454: Mrs. gladys charles | D454: Contingent Worker | E454: Airtel Kenya | F454: 44498 | G454: 400221 | H454: Maina, Miss Serah Wanini | I454: a_Gladys Charles@ke.airtel.com | J454: 780270364 | K454: Contingent Worker | L454: NGALAWA KENYA LTD
A455: 23132100 | B455: =_xlfn.XLOOKUP(A455,'[2]Crowdstrike report'!$S:$S,'[2]Crowdstrike report'!$A:$A,0) -> 0 | C455: Mrs. ann wanjiru | D455: Contingent Worker | E455: Airtel Kenya | F455: 44498 | G455: 400221 | H455: Maina, Miss Serah Wanini | I455: ann wanjiru@ke.airtel.com | J455: 762267609 | K455: Contingent Worker | L455: NGALAWA KENYA LTD
A456: 23132101 | B456: =_xlfn.XLOOKUP(A456,'[2]Crowdstrike report'!$S:$S,'[2]Crowdstrike report'!$A:$A,0) -> 0 | C456: Mrs. agnes mwelu | D456: Contingent Worker | E456: Airtel Kenya | F456: 44498 | G456: 400221 | H456: Maina, Miss Serah Wanini | I456: a_Agnes Mwelu@ke.airtel.com | J456: 762267600 | K456: Contingent Worker | L456: NGALAWA KENYA LTD
A457: 23132102 | B457: =_xlfn.XLOOKUP(A457,'[2]Crowdstrike report'!$S:$S,'[2]Crowdstrike report'!$A:$A,0) -> 0 | C457: Mrs. eunice wairimu | D457: Contingent Worker | E457: Airtel Kenya | F457: 44498 | G457: 400221 | H457: Maina, Miss Serah Wanini | I457: eunice wairimu@ke.airtel.com | J457: 762267611 | K457: Contingent Worker | L457: NGALAWA KENYA LTD
A458: 23132103 | B458: =_xlfn.XLOOKUP(A458,'[2]Crowdstrike report'!$S:$S,'[2]Crowdstrike report'!$A:$A,0) -> 0 | C458: Mrs. margaret muasya | D458: Contingent Worker | E458: Airtel Kenya | F458: 44498 | G458: 400221 | H458: Maina, Miss Serah Wanini | I458: a_Margaret Muasya@ke.airtel.com | J458: 762267599 | K458: Contingent Worker | L458: NGALAWA KENYA LTD
A459: 23132104 | B459: =_xlfn.XLOOKUP(A459,'[2]Crowdstrike report'!$S:$S,'[2]Crowdstrike report'!$A:$A,0) -> 0 | C459: Mrs. ann wanjiku | D459: Contingent Worker | E459: Airtel Kenya | F459: 44498 | G459: 400221 | H459: Maina, Miss Serah Wanini | I459: ann wanjiku@ke.airtel.com | J459: 762267588 | K459: Contingent Worker | L459: NGALAWA KENYA LTD
... A1138: 23141544 | B1138: =_xlfn.XLOOKUP(A1138,'[2]Crowdstrike report'!$S:$S,'[2]Crowdstrike report'!$A:$A,0) -> 0 | C1138: Mr. Gordon Motukah | D1138: Contingent Worker | E1138: Airtel Kenya | F1138: 44664 | G1138: 209105 | H1138: Opiyo, Mr. Fredrick Omondi | I1138: Gordon Motukah@ke.airtel.com | J1138: 734528666 | K1138: Contingent Worker | L1138: JARACHAR ENTERPRISES
A1139: 23141546 | B1139: =_xlfn.XLOOKUP(A1139,'[2]Crowdstrike report'!$S:$S,'[2]Crowdstrike report'!$A:$A,0) -> 0 | C1139: Mr. Gift Nyauke | D1139: Contingent Worker | E1139: Airtel Kenya | F1139: 44664 | I1139: GiftNyauke@ke.airtel.com | J1139: 737763211 | K1139: Contingent Worker | L1139: NYOMOCHE ENTERPRISES
A1140: 23141547 | B1140: =_xlfn.XLOOKUP(A1140,'[2]Crowdstrike report'!$S:$S,'[2]Crowdstrike report'!$A:$A,0) -> 0 | C1140: Mr. Bethwel Odongo | D1140: Contingent Worker | E1140: Airtel Kenya | F1140: 44664 | I1140: BethwelOdongo@ke.airtel.com | J1140: 735102372 | K1140: Contingent Worker | L1140: ELIRU ENTERPRISES
A1141: 23141548 | B1141: =_xlfn.XLOOKUP(A1141,'[2]Crowdstrike report'!$S:$S,'[2]Crowdstrike report'!$A:$A,0) -> 0 | C1141: Mr. Odhiambo Odongo | D1141: Contingent Worker | E1141: Airtel Kenya | F1141: 44664 | I1141: Odhiambo Odongo@ke.airtel.com | J1141: 787264730 | K1141: Contingent Worker | L1141: NEKOBUYA ONE
A1142: 23141549 | B1142: =_xlfn.XLOOKUP(A1142,'[2]Crowdstrike report'!$S:$S,'[2]Crowdstrike report'!$A:$A,0) -> 0 | C1142: Mr. Bonface Samwel | D1142: Contingent Worker | E1142: Airtel Kenya | F1142: 44664 | I1142: Bonface Samwel@ke.airtel.com | J1142: 788925066 | K1142: Contingent Worker | L1142: DADMO ENTERPRISES
A1143: 23141550 | B1143: =_xlfn.XLOOKUP(A1143,'[2]Crowdstrike report'!$S:$S,'[2]Crowdstrike report'!$A:$A,0) -> 0 | C1143: Mr. James Nyandere | D1143: Contingent Worker | E1143: Airtel Kenya | F1143: 44664 | I1143: James Nyandere@ke.airtel.com | J1143: 781621521 | K1143: Contingent Worker | L1143: NYODIYO ENTERPRISES
A1144: 23141551 | B1144: =_xlfn.XLOOKUP(A1144,'[2]Crowdstrike report'!$S:$S,'[2]Crowdstrike report'!$A:$A,0) -> 0 | C1144: Mr. Eucabeth Nelson | D1144: Contingent Worker | E1144: Airtel Kenya | F1144: 44664 | I1144: Eucabeth Nelson @ke.airtel.com | J1144: 739732470 | K1144: Contingent Worker | L1144: BJOICENET INVESTMENT
A1145: 23141552 | B1145: =_xlfn.XLOOKUP(A1145,'[2]Crowdstrike report'!$S:$S,'[2]Crowdstrike report'!$A:$A,0) -> 0 | C1145: Mr. Johnstone Onduto | D1145: Contingent Worker | E1145: Airtel Kenya | F1145: 44664 | I1145: Johnstone Onduto @ke.airtel.com | J1145: 788418027 | K1145: Contingent Worker | L1145: GAROSA ENTERPRISES
A1146: 23141553 | B1146: =_xlfn.XLOOKUP(A1146,'[2]Crowdstrike report'!$S:$S,'[2]Crowdstrike report'!$A:$A,0) -> 0 | C1146: Mr. Nelson Ologi | D1146: Contingent Worker | E1146: Airtel Kenya | F1146: 44664 | I1146: Nelson Ologi@ke.airtel.com | J1146: 731501729 | K1146: Contingent Worker | L1146: FOCUS POINT SOLUTIONS
A1147: 23141554 | B1147: =_xlfn.XLOOKUP(A1147,'[2]Crowdstrike report'!$S:$S,'[2]Crowdstrike report'!$A:$A,0) -> 0 | C1147: Mr. Bhoke Ologi | D1147: Contingent Worker | E1147: Airtel Kenya | F1147: 44664 | I1147: BhokeOlogi @ke.airtel.com | J1147: 750094196 | K1147: Contingent Worker | L1147: FOCUS PRIME POINT
A1148: 23141555 | B1148: =_xlfn.XLOOKUP(A1148,'[2]Crowdstrike report'!$S:$S,'[2]Crowdstrike report'!$A:$A,0) -> 0 | C1148: Mr. Mwita Aomo | D1148: Contingent Worker | E1148: Airtel Kenya | F1148: 44664 | I1148: MwitaAomo@ke.airtel.com | J1148: 738374756 | K1148: Contingent Worker | L1148: FOCUS PRIME POINT2
A1149: 23141557 | B1149: =_xlfn.XLOOKUP(A1149,'[2]Crowdstrike report'!$S:$S,'[2]Crowdstrike report'!$A:$A,0) -> 0 | C1149: Mrs. Mary Gachwe | D1149: Contingent Worker | E1149: Airtel Kenya | F1149: 44664 | I1149: MaryGachwe@ke.airtel.com | J1149: 105471330 | K1149: Contingent Worker | L1149: DENO COMMUNICATION KEY
A1150: 23141558 | B1150: =_xlfn.XLOOKUP(A1150,'[2]Crowdstrike report'!$S:$S,'[2]Crowdstrike report'!$A:$A,0) -> 0 | C1150: Mrs. Mary Odoyo | D1150: Contingent Worker | E1150: Airtel Kenya | F1150: 44664 | I1150: MaryOdoyo@ke.airtel.com | J1150: 752556600 | K1150: Contingent Worker | L1150: HA COMMUNICATIONS
... A1163: 23141571 | B1163: =_xlfn.XLOOKUP(A1163,'[2]Crowdstrike report'!$S:$S,'[2]Crowdstrike report'!$A:$A,0) -> 0 | C1163: Mr. Walter Jubat | D1163: Contingent Worker | E1163: Airtel Kenya | F1163: 44664 | I1163: WalterJubat@ke.airtel.com | J1163: 752700200 | K1163: Contingent Worker | L1163: DOREX COMMUNICATION
A1164: 23141572 | B1164: =_xlfn.XLOOKUP(A1164,'[2]Crowdstrike report'!$S:$S,'[2]Crowdstrike report'!$A:$A,0) -> 0 | C1164: Mr. Annet Okeyo | D1164: Contingent Worker | E1164: Airtel Kenya | F1164: 44664 | G1164: 219616 | H1164: Omolo, Mr. Antony Odhiambo | I1164: AnnetOkeyo@ke.airtel.com | J1164: 787887059 | K1164: Contingent Worker | L1164: THOMS
A1165: 23141574 | B1165: =_xlfn.XLOOKUP(A1165,'[2]Crowdstrike report'!$S:$S,'[2]Crowdstrike report'!$A:$A,0) -> 0 | C1165: Mr. Alex Senge | D1165: Contingent Worker | E1165: Airtel Kenya | F1165: 44664 | G1165: 219616 | H1165: Omolo, Mr. Antony Odhiambo | I1165: AlexSenge@ke.airtel.com | J1165: 762922933 | K1165: Contingent Worker | L1165: JUDBOS
A1166: 23141575 | B1166: =_xlfn.XLOOKUP(A1166,'[2]Crowdstrike report'!$S:$S,'[2]Crowdstrike report'!$A:$A,0) -> 0 | C1166: Mrs. Thomas Ismail | D1166: Contingent Worker | E1166: Airtel Kenya | F1166: 44664 | G1166: 219616 | H1166: Omolo, Mr. Antony Odhiambo | I1166: ThomasIsmail@ke.airtel.com | J1166: 751814999 | K1166: Contingent Worker | L1166: GLORIA PAJ
A1167: 23141576 | B1167: =_xlfn.XLOOKUP(A1167,'[2]Crowdstrike report'!$S:$S,'[2]Crowdstrike report'!$A:$A,0) -> 0 | C1167: Mr. Samwel Edo | D1167: Contingent Worker | E1167: Airtel Kenya | F1167: 44664 | G1167: 219616 | H1167: Omolo, Mr. Antony Odhiambo | I1167: SamwelEdo@ke.airtel.com | J1167: 102906062 | K1167: Contingent Worker | L1167: CHAHEJO INVESTMENT
A1168: 23141577 | B1168: =_xlfn.XLOOKUP(A1168,'[2]Crowdstrike report'!$S:$S,'[2]Crowdstrike report'!$A:$A,0) -> 0 | C1168: Mr. Judy Abuya | D1168: Contingent Worker | E1168: Airtel Kenya | F1168: 44664 | G1168: 219616 | H1168: Omolo, Mr. Antony Odhiambo | I1168: Judy Abuya@ke.airtel.com | J1168: 101839866 | K1168: Contingent Worker | L1168: LANIC INVESTMENT
A1169: 23141578 | B1169: =_xlfn.XLOOKUP(A1169,'[2]Crowdstrike report'!$S:$S,'[2]Crowdstrike report'!$A:$A,0) -> 0 | C1169: Mr. Janet Adan | D1169: Contingent Worker | E1169: Airtel Kenya | F1169: 44664 | G1169: 219616 | H1169: Omolo, Mr. Antony Odhiambo | I1169: Janet Adan@ke.airtel.com | J1169: 102903224 | K1169: Contingent Worker | L1169: SHEPHERD ONE
A1170: 23141579 | B1170: =_xlfn.XLOOKUP(A1170,'[2]Crowdstrike report'!$S:$S,'[2]Crowdstrike report'!$A:$A,0) -> 0 | C1170: Mr. Charles Edo | D1170: Contingent Worker | E1170: Airtel Kenya | F1170: 44664 | G1170: 219616 | H1170: Omolo, Mr. Antony Odhiambo | I1170: CharlesEdo@ke.airtel.com | J1170: 751319666 | K1170: Contingent Worker | L1170: ZAINCOM OMARI
A1171: 23141580 | B1171: =_xlfn.XLOOKUP(A1171,'[2]Crowdstrike report'!$S:$S,'[2]Crowdstrike report'!$A:$A,0) -> 0 | C1171: Mr. Brian Rage | D1171: Contingent Worker | E1171: Airtel Kenya | F1171: 44664 | G1171: 219616 | H1171: Omolo, Mr. Antony Odhiambo | I1171: Brian Rage @ke.airtel.com | J1171: 102905427 | K1171: Contingent Worker | L1171: DENLEX BEAUTY
A1172: 23141581 | B1172: =_xlfn.XLOOKUP(A1172,'[2]Crowdstrike report'!$S:$S,'[2]Crowdstrike report'!$A:$A,0) -> 0 | C1172: Mr. Dennis Omari | D1172: Contingent Worker | E1172: Airtel Kenya | F1172: 44664 | G1172: 219616 | H1172: Omolo, Mr. Antony Odhiambo | I1172: DennisOmari@ke.airtel.com | J1172: 733586837 | K1172: Contingent Worker | L1172: NYALA TECHNOLOGIES
A1173: 23141582 | B1173: =_xlfn.XLOOKUP(A1173,'[2]Crowdstrike report'!$S:$S,'[2]Crowdstrike report'!$A:$A,0) -> 0 | C1173: Mr. Dennis Orangi | D1173: Contingent Worker | E1173: Airtel Kenya | F1173: 44664 | G1173: 219616 | H1173: Omolo, Mr. Antony Odhiambo | I1173: DennisOrangi@ke.airtel.com | J1173: 101102019 | K1173: Contingent Worker | L1173: JENIEZ ENTERPRISES
A1174: 23141583 | B1174: =_xlfn.XLOOKUP(A1174,'[2]Crowdstrike report'!$S:$S,'[2]Crowdstrike report'!$A:$A,0) -> 0 | C1174: Mr. Dennis Omwoyo | D1174: Contingent Worker | E1174: Airtel Kenya | F1174: 44664 | G1174: 219616 | H1174: Omolo, Mr. Antony Odhiambo | I1174: DennisOmwoyo@ke.airtel.com | J1174: 780856387 | K1174: Contingent Worker | L1174: LAHMTEC INVESTMENT
A1175: 23141584 | B1175: =_xlfn.XLOOKUP(A1175,'[2]Crowdstrike report'!$S:$S,'[2]Crowdstrike report'!$A:$A,0) -> 0 | C1175: Mrs. Lameck Mwanisa | D1175: Contingent Worker | E1175: Airtel Kenya | F1175: 44664 | G1175: 219616 | H1175: Omolo, Mr. Antony Odhiambo | I1175: LameckMwanisa@ke.airtel.com | J1175: 731285226 | K1175: Contingent Worker | L1175: CHALIEWA ENTERPRISES
... A1200: 23141609 | B1200: =_xlfn.XLOOKUP(A1200,'[2]Crowdstrike report'!$S:$S,'[2]Crowdstrike report'!$A:$A,0) -> 0 | C1200: Mr. Patricia Osiemo | D1200: Contingent Worker | E1200: Airtel Kenya | F1200: 44664 | G1200: 219616 | H1200: Omolo, Mr. Antony Odhiambo | I1200: PatriciaOsiemo@ke.airtel.com | J1200: 736310507 | K1200: Contingent Worker | L1200: DIONTE TECHNOLOGIES
A1201: 23141610 | B1201: =_xlfn.XLOOKUP(A1201,'[2]Crowdstrike report'!$S:$S,'[2]Crowdstrike report'!$A:$A,0) -> 0 | C1201: Mr. Jackline Olago | D1201: Contingent Worker | E1201: Airtel Kenya | F1201: 44664 | I1201: JacklineOlago@ke.airtel.com | J1201: 789644534 | K1201: Contingent Worker | L1201: CHASE COLLECTIONS
A1202: 23141611 | B1202: =_xlfn.XLOOKUP(A1202,'[2]Crowdstrike report'!$S:$S,'[2]Crowdstrike report'!$A:$A,0) -> 0 | C1202: Mr. Herbert Were | D1202: Contingent Worker | E1202: Airtel Kenya | F1202: 44664 | I1202: HerbertWere@ke.airtel.com | J1202: 733771838 | K1202: Contingent Worker | L1202: KABONYO ENTERPRISE
...

Sheet Sorted
A1: Associate Number | B1: Full Name | C1: Serial Number
A2: 2300031 | B2: Mr. Habert KHISA | C2: =VLOOKUP(A2,'Rough Work'!D2:D22775,4,TRUE) -> #REF!
A3: 2300032 | B3: Mr. Peter MWILU | C3: =VLOOKUP(A3,'Rough Work'!D2:D22776,4,TRUE) -> #REF!
A4: 2300034 | B4: Jeniffer MUHORO | C4: =VLOOKUP(A4,'Rough Work'!D2:D22777,4,TRUE) -> #REF!
A5: 2300117 | B5: Christine Ogalo | C5: =VLOOKUP(A5,'Rough Work'!D2:D22778,4,TRUE) -> #REF!
A6: 2304321 | B6: Mr. SAMUEL MATHEKA | C6: =VLOOKUP(A6,'Rough Work'!D2:D22779,4,TRUE) -> #REF!
A7: 2304952 | B7: Mr. Moses Mburu | C7: =VLOOKUP(A7,'Rough Work'!D3:D22780,4,TRUE) -> #REF!
A8: 23100021 | B8: Ms. Jane Kariuki | C8: =VLOOKUP(A8,'Rough Work'!D4:D22781,4,TRUE) -> #REF!
A9: 23100159 | B9: Mr. Geofrey Otieno | C9: =VLOOKUP(A9,'Rough Work'!D5:D22782,4,TRUE) -> #REF!
A10: 23100661 | B10: Mr. BONFACE OUMA | C10: =VLOOKUP(A10,'Rough Work'!D6:D22783,4,TRUE) -> #REF!
A11: 23100662 | B11: Mr. WALTER KADURENGE | C11: =VLOOKUP(A11,'Rough Work'!D7:D22784,4,TRUE) -> #REF!
A12: 23101437 | B12: Mr. Sanjeevkumar Shanmugavadivel | C12: =VLOOKUP(A12,'Rough Work'!D8:D22785,4,TRUE) -> #REF!
A13: 23101443 | B13: Mr. Srinivasan Natarajan | C13: =VLOOKUP(A13,'Rough Work'!D9:D22786,4,TRUE) -> #REF!
A14: 23101810 | B14: Ms. Kendi Njeru | C14: =VLOOKUP(A14,'Rough Work'!D10:D22787,4,TRUE) -> #REF!
A15: 23101930 | B15: Mr. EDWIN OKWARO | C15: =VLOOKUP(A15,'Rough Work'!D11:D22788,4,TRUE) -> #REF!
A16: 23101931 | B16: Mr. THOMAS ONYANCHA | C16: =VLOOKUP(A16,'Rough Work'!D12:D22789,4,TRUE) -> #REF!
A17: 23101932 | B17: Mr. DANIEL MWAI | C17: =VLOOKUP(A17,'Rough Work'!D13:D22790,4,TRUE) -> #REF!
... A6032: 2398814 | B6032: Mr. Pawel Gaworek | C6032: =VLOOKUP(A6032,'Rough Work'!D6028:D28805,4,TRUE) -> #REF!

Sheet Rough Work
A1: Hostname | B1: Model | C1: Manufacturer | D1: Serial Number
A2: 1123323D | B2: HP Pro 3500 Series | C2: Hewlett-Packard | D2: CZC2240HQD
A3: 121L1 | B3: HP ProBook 4340s | C3: Hewlett-Packard | D3: 2CE3030RML
A4: 13000062L2 | B4: HP Laptop 15-da1xxx | C4: HP | D4: CND9463BBD
A5: 1300009LL | B5: 21E6008CGR | C5: LENOVO | D5: PF48RB3Z
A6: 1300011L1 | B6: 20UASDMD00 | C6: LENOVO | D6: PF34XFAM
A7: 1300031L1 | B7: 21FHS8A800 | C7: LENOVO | D7: PW0A7H3P
A8: 1300032L | B8: 21JK00K4UE | C8: LENOVO | D8: PF4WB80N
A9: 1300032L | B9: 20NSS11W00 | C9: LENOVO | D9: R90VL4HE
A10: 1300036LL | B10: HP Laptop 15-dy2xxx | C10: HP | D10: 5CD1420BZ8
A11: 1300038L3 | B11: HP ProBook 440 G8 Notebook PC | C11: HP | D11: 5CD202653Q
A12: 1300043L | B12: HP EliteBook 630 13 inch G9 Notebook PC | C12: HP | D12: 5CD229BMY3
... A328: 1301408L1 | B328: 20NSS20D00 | C328: LENOVO | D328: R90VT6K1
A329: 1301429D | C329: Hewlett-Packard
A330: 1301429-G-MWD | C330: Hewlett-Packard
A331: 1301444L1 | B331: 20R4S39200 | C331: LENOVO | D331: R910WYQM
A332: 1301453D1 | B332: Vostro 3671 | C332: Dell Inc. | D332: D5B6933
A333: 1301453D2 | B333: Vostro 3671 | C333: Dell Inc. | D333: 85B6933
A334: 1301453L1 | B334: 21AJS7XX00 | C334: LENOVO | D334: PF4378MS
A335: 1301455L1 | B335: HP ProBook 440 G6 | C335: HP | D335: 5CD9501XFV
A336: 1301463L | B336: HP Laptop 14-dq2xxx | C336: HP | D336: 5CD0496061
A337: 1301475L2 | B337: HP ProBook 440 14 inch G9 Notebook PC | C337: HP | D337: 5CD318203B
A338: 1301482L | B338: 21JKS14D00 | C338: LENOVO | D338: PG04DZG3
A339: 1301482L1 | B339: 20S00012UE | C339: LENOVO | D339: PF2T0J8V
A340: 1301482L1 | B340: 21JKS14D00 | C340: LENOVO | D340: PG04DZG3
A341: 1301484L | B341: 21HES1Y000 | C341: LENOVO | D341: PF4DXLKB
A342: 1301490L | B342: 20M6S26700 | C342: LENOVO | D342: R90T6EVL
... A793: 1303692L | B793: HP ProBook 430 G6 | C793: HP | D793: 5CD943497S
A794: 1303713D10 | C794: HP
A795: 1303713D11A | B795: HP 200 G3 AiO | C795: HP | D795: 8CC83917DG
A796: 1303713D120 | B796: HP 200 G4 22 All-in-One PC | C796: HP | D796: 8CC0180RJY
A797: 1303713D121 | B797: HP 200 G4 22 All-in-One PC | C797: HP | D797: 8CC0180RMS
A798: 1303713D122 | B798: HP 200 G4 22 All-in-One PC | C798: HP | D798: 8CC1412SHR
A799: 1303713D123 | B799: HP 200 G4 22 All-in-One PC | C799: HP | D799: 8CC0180RMT
A800: 1303713D124 | B800: HP 200 G4 22 All-in-One PC | C800: HP | D800: 8CC0180RN9
A801: 1303713D126A | B801: HP 200 G4 22 All-in-One PC | C801: HP | D801: 8CC0180RMZ
A802: 1303713D127 | B802: HP 200 G4 22 All-in-One PC | C802: HP | D802: 8CC0180RM5
A803: 1303713D128A | B803: HP AiO 22 | C803: HP | D803: 8CC0180RM6
A804: 1303713D129 | B804: HP 200 G4 22 All-in-One PC | C804: HP | D804: 8CC0180RMR
A805: 1303713D130 | B805: HP 200 G4 22 All-in-One PC | C805: HP | D805: 8CC0180RLN
A806: 1303713D131 | B806: HP 200 G4 22 All-in-One PC | C806: HP | D806: 8CC0180RMC
... A814: 1303713D139A | B814: HP 200 G4 22 All-in-One PC | C814: HP | D814: 8CC0180RNB
A815: 1303713D13A | C815: HP
A816: 1303713D14 | C816: HP
A817: 1303713D140A | B817: HP 200 G4 22 All-in-One PC | C817: HP | D817: 8CC0180RTH
A818: 1303713D141 | B818: HP 200 G4 22 All-in-One PC | C818: HP | D818: 8CC0180RP8
A819: 1303713D142 | B819: HP 200 G4 22 All-in-One PC | C819: HP | D819: 8CC0180RR2
A820: 1303713D143 | B820: HP 200 G4 22 All-in-One PC | C820: HP | D820: 8CC0180RPY
A821: 1303713D145 | B821: HP 200 G4 22 All-in-One PC | C821: HP | D821: 8CC0180RPN
A822: 1303713D146A | B822: HP 200 G4 22 All-in-One PC | C822: HP | D822: 8CC0180RRW
A823: 1303713D149A | B823: HP 200 G4 22 All-in-One PC | C823: HP | D823: 8CC0180RR3
A824: 1303713D150 | B824: HP 200 G4 22 All-in-One PC | C824: HP | D824: 8CC0180RQK
A825: 1303713D151 | B825: HP 200 G4 22 All-in-One PC | C825: HP | D825: 8CC0180RL0
A826: 1303713D152 | B826: HP 200 G4 22 All-in-One PC | C826: HP | D826: 8CC0180RP7
A827: 1303713D153 | B827: HP 200 G4 22 All-in-One PC | C827: HP | D827: 8CC0180RML
A828: 1303713D154 | B828: HP 200 G4 22 All-in-One PC | C828: HP | D828: 8CC0180RN2
... A843: 1303713D175 | B843: HP 200 G4 22 All-in-One PC | C843: HP | D843: 8CC0180RT5
A844: 1303713D18 | C844: HP
A845: 1303713D189 | B845: HP 200 G4 22 All-in-One PC | C845: HP | D845: 8CC0180RSJ
A846: 1303713D19 | C846: HP
A847: 1303713D190 | B847: HP 200 G4 22 All-in-One PC | C847: HP | D847: 8CC0180RKB
A848: 1303713D191 | B848: HP 200 G4 22 All-in-One PC | C848: HP | D848: 8CC0180RK7
A849: 1303713D1A | C849: HP
A850: 1303713D2 | C850: HP
A851: 1303713D20 | C851: HP
A852: 1303713D215 | C852: HP
A853: 1303713D22 | B853: HP 200 G4 22 All-in-One PC | C853: HP | D853: 8CC1412SHD
A854: 1303713D220 | B854: HP 200 G4 22 All-in-One PC | C854: HP | D854: 8CC0180RMX
A855: 1303713D221 | B855: HP 200 G4 22 All-in-One PC | C855: HP | D855: 8CC0180RS0
A856: 1303713D222 | B856: HP 200 G4 22 All-in-One PC | C856: HP | D856: 8CC0180RNL
A857: 1303713D223 | B857: HP 200 G4 22 All-in-One PC | C857: HP | D857: 8CC0180RN4
A858: 1303713D224 | B858: HP 200 G4 22 All-in-One PC | C858: HP | D858: 8CC0180RP2
A859: 1303713D23 | B859: HP 200 G3 AiO | C859: HP | D859: 8CC8370C82
A860: 1303713D24 | B860: HP 200 G3 AiO | C860: HP | D860: 8CC8370C7V
A861: 1303713D25 | B861: HP 200 G3 AiO | C861: HP | D861: 8CC8370C75
A862: 1303713D26 | B862: HP 200 G3 AiO | C862: HP | D862: 8CC839179Y
A863: 1303713D27 | C863: HP
A864: 1303713D28 | C864: HP
A865: 1303713D29 | B865: HP 200 G4 22 All-in-One PC | C865: HP | D865: 8CC1412SH7
A866: 1303713D30 | B866: HP 200 G4 22 All-in-One PC | C866: HP | D866: 8CC1412SH0
A867: 1303713D31 | B867: HP 200 G3 AiO | C867: HP | D867: 8CC8370C74
A868: 1303713D32 | B868: HP 200 G3 AiO | C868: HP | D868: 8CC83917BJ
A869: 1303713D34 | B869: HP 200 G3 AiO | C869: HP | D869: 8CC83917C8
A870: 1303713D35 | C870: HP
A871: 1303713D36 | C871: HP
A872: 1303713D37 | B872: HP 200 G3 AiO | C872: HP | D872: 8CC83917CS
A873: 1303713D38 | B873: HP 200 G3 AiO | C873: HP | D873: 8CC83917BT
A874: 1303713D39 | B874: HP 200 G3 AiO | C874: HP | D874: 8CC83917B3
A875: 1303713D40 | B875: HP 200 G3 AiO | C875: HP | D875: 8CC83917BP
A876: 1303713D41 | C876: HP
A877: 1303713D42 | C877: HP
A878: 1303713D43 | B878: HP 200 G3 AiO | C878: HP | D878: 8CC83917C3
A879: 1303713D44 | C879: HP
A880: 1303713D45 | C880: HP
A881: 1303713D46 | B881: HP 200 G3 AiO | C881: HP | D881: 8CC83917C2
A882: 1303713D47 | C882: HP
A883: 1303713D48 | C883: HP
A884: 1303713D49 | B884: HP AiO 22 | C884: HP | D884: 8CC0180RM7
A885: 1303713D4A | C885: HP
A886: 1303713D50 | C886: HP
...

Sheet Sheet4
